{"cameraMode":{"drawMode":0,"name":"Shaded","section":"Shading Mode"},"sceneLighting":false,"audioPlay":false,"sceneViewState":{"showFog":true,"showMaterialUpdate":false,"showSkybox":true,"showFlares":true,"showImageEffects":true,"showParticleSystems":true},"in2DMode":false,"pivot":{"x":460.08203125,"y":210.2822265625,"z":-29.6875},"rotation":{"x":0.016426265239715577,"y":-0.09434685111045838,"z":0.0015544388443231583,"w":0.9954087138175964},"size":148.22824096679688,"orthographic":true}