{"cameraMode":{"drawMode":0,"name":"Shaded","section":"Shading Mode"},"sceneLighting":false,"audioPlay":false,"sceneViewState":{"showFog":true,"showMaterialUpdate":false,"showSkybox":false,"showFlares":true,"showImageEffects":true,"showParticleSystems":true},"in2DMode":false,"pivot":{"x":647.640625,"y":261.5777587890625,"z":-1.3672778606414796},"rotation":{"x":0.5228224992752075,"y":0.42976707220077517,"z":-0.3500438332557678,"w":0.6478692293167114},"size":0.9247769713401794,"orthographic":false}