{"cameraMode":{"drawMode":0,"name":"Shaded","section":"Shading Mode"},"sceneLighting":false,"audioPlay":false,"sceneViewState":{"showFog":true,"showMaterialUpdate":false,"showSkybox":false,"showFlares":true,"showImageEffects":true,"showParticleSystems":true},"in2DMode":false,"pivot":{"x":646.7196044921875,"y":261.9041442871094,"z":-0.08049821853637696},"rotation":{"x":-0.03923527151346207,"y":-0.021346913650631906,"z":-0.004373470321297646,"w":0.9994257092475891},"size":0.6782426238059998,"orthographic":true}