{"cameraMode":{"drawMode":0,"name":"Shaded","section":"Shading Mode"},"sceneLighting":false,"audioPlay":false,"sceneViewState":{"showFog":true,"showMaterialUpdate":false,"showSkybox":false,"showFlares":true,"showImageEffects":true,"showParticleSystems":true},"in2DMode":false,"pivot":{"x":4.218999862670898,"y":0.48500001430511477,"z":16.463329315185548},"rotation":{"x":-0.4039376676082611,"y":-0.5945493578910828,"z":0.44775712490081789,"w":-0.5330953001976013},"size":1.2274830341339112,"orthographic":false}