{"cameraMode":{"drawMode":0,"name":"Shaded","section":"Shading Mode"},"sceneLighting":false,"audioPlay":false,"sceneViewState":{"showFog":true,"showMaterialUpdate":false,"showSkybox":true,"showFlares":true,"showImageEffects":true,"showParticleSystems":true},"in2DMode":false,"pivot":{"x":1.2262134552001954,"y":3.626863479614258,"z":-28.10553550720215},"rotation":{"x":0.06650746613740921,"y":0.694912314414978,"z":-0.06481431424617768,"w":0.7130733132362366},"size":10.0,"orthographic":false}