{"cameraMode":{"drawMode":0,"name":"Shaded","section":"Shading Mode"},"sceneLighting":false,"audioPlay":false,"sceneViewState":{"showFog":true,"showMaterialUpdate":false,"showSkybox":true,"showFlares":true,"showImageEffects":true,"showParticleSystems":true},"in2DMode":false,"pivot":{"x":1.1757158041000367,"y":2.331354856491089,"z":17.47325325012207},"rotation":{"x":-0.043746285140514377,"y":-0.7661405205726624,"z":-0.05763541907072067,"w":0.6392746567726135},"size":1.9819258451461793,"orthographic":true}