{"cameraMode":{"drawMode":0,"name":"Shaded","section":"Shading Mode"},"sceneLighting":false,"audioPlay":false,"sceneViewState":{"showFog":true,"showMaterialUpdate":false,"showSkybox":false,"showFlares":true,"showImageEffects":true,"showParticleSystems":true},"in2DMode":false,"pivot":{"x":647.2319946289063,"y":261.75799560546877,"z":2.0269999504089357},"rotation":{"x":-0.0011373101733624936,"y":0.995378315448761,"z":-0.10007662326097489,"w":0.002227135468274355},"size":1.5,"orthographic":false}