{"cameraMode":{"drawMode":0,"name":"Shaded","section":"Shading Mode"},"sceneLighting":false,"audioPlay":false,"sceneViewState":{"showFog":true,"showMaterialUpdate":false,"showSkybox":true,"showFlares":true,"showImageEffects":true,"showParticleSystems":true},"in2DMode":false,"pivot":{"x":647.5381469726563,"y":263.6591796875,"z":1.9012945890426636},"rotation":{"x":0.13110969960689546,"y":-0.3876992166042328,"z":0.05402752012014389,"w":0.9113733768463135},"size":4.886602878570557,"orthographic":false}