{"cameraMode":{"drawMode":0,"name":"Shaded","section":"Shading Mode"},"sceneLighting":false,"audioPlay":false,"sceneViewState":{"showFog":true,"showMaterialUpdate":false,"showSkybox":true,"showFlares":true,"showImageEffects":true,"showParticleSystems":true},"in2DMode":false,"pivot":{"x":0.9990234375,"y":2.017822265625,"z":15.2103271484375},"rotation":{"x":-0.2525286376476288,"y":-0.13818688690662385,"z":0.03646966814994812,"w":-0.9569826722145081},"size":2.7806270122528078,"orthographic":true}