{"cameraMode":{"drawMode":0,"name":"Shaded","section":"Shading Mode"},"sceneLighting":false,"audioPlay":false,"sceneViewState":{"showFog":true,"showMaterialUpdate":false,"showSkybox":true,"showFlares":true,"showImageEffects":true,"showParticleSystems":true},"in2DMode":false,"pivot":{"x":1.329416275024414,"y":-0.6633285284042358,"z":16.658905029296876},"rotation":{"x":0.611991822719574,"y":0.018119314685463907,"z":-0.014147783629596234,"w":0.7910124659538269},"size":1.6831556558609009,"orthographic":true}