{"cameraMode":{"drawMode":0,"name":"Shaded","section":"Shading Mode"},"sceneLighting":false,"audioPlay":false,"sceneViewState":{"showFog":true,"showMaterialUpdate":false,"showSkybox":true,"showFlares":true,"showImageEffects":true,"showParticleSystems":true},"in2DMode":false,"pivot":{"x":0.3884260058403015,"y":1.0675716400146485,"z":14.927313804626465},"rotation":{"x":0.04535815864801407,"y":-0.09929277747869492,"z":0.0045290179550647739,"w":0.9940223693847656},"size":3.3247764110565187,"orthographic":false}