{"cameraMode":{"drawMode":0,"name":"Shaded","section":"Shading Mode"},"sceneLighting":false,"audioPlay":false,"sceneViewState":{"showFog":true,"showMaterialUpdate":false,"showSkybox":false,"showFlares":true,"showImageEffects":true,"showParticleSystems":true},"in2DMode":false,"pivot":{"x":647.6472778320313,"y":262.19140625,"z":1.5471400022506714},"rotation":{"x":-0.16510270535945893,"y":-0.758276104927063,"z":0.20639778673648835,"w":-0.5970677733421326},"size":1.8866026401519776,"orthographic":false}