{"cameraMode":{"drawMode":0,"name":"Shaded","section":"Shading Mode"},"sceneLighting":false,"audioPlay":false,"sceneViewState":{"showFog":true,"showMaterialUpdate":false,"showSkybox":true,"showFlares":true,"showImageEffects":true,"showParticleSystems":true},"in2DMode":false,"pivot":{"x":-0.5047303438186646,"y":1.6051878929138184,"z":15.126605033874512},"rotation":{"x":-0.45819079875946047,"y":-0.05650785192847252,"z":0.0291984211653471,"w":-0.8865858912467957},"size":3.0247764587402345,"orthographic":false}