{"cameraMode":{"drawMode":0,"name":"Shaded","section":"Shading Mode"},"sceneLighting":false,"audioPlay":false,"sceneViewState":{"showFog":true,"showMaterialUpdate":false,"showSkybox":false,"showFlares":true,"showImageEffects":true,"showParticleSystems":true},"in2DMode":false,"pivot":{"x":4.779943943023682,"y":1.0791122913360596,"z":16.186601638793947},"rotation":{"x":-0.29147380590438845,"y":-0.6919235587120056,"z":0.36061781644821169,"w":-0.5545909404754639},"size":1.2274830341339112,"orthographic":false}