{"cameraMode":{"drawMode":0,"name":"Shaded","section":"Shading Mode"},"sceneLighting":false,"audioPlay":false,"sceneViewState":{"showFog":true,"showMaterialUpdate":false,"showSkybox":false,"showFlares":true,"showImageEffects":true,"showParticleSystems":true},"in2DMode":false,"pivot":{"x":646.109619140625,"y":261.8756408691406,"z":-0.676513671875},"rotation":{"x":0.1779639720916748,"y":-0.33068421483039858,"z":0.059615377336740497,"w":0.9253590703010559},"size":0.6782426238059998,"orthographic":true}