{"cameraMode":{"drawMode":0,"name":"Shaded","section":"Shading Mode"},"sceneLighting":false,"audioPlay":false,"sceneViewState":{"showFog":true,"showMaterialUpdate":false,"showSkybox":false,"showFlares":true,"showImageEffects":true,"showParticleSystems":true},"in2DMode":false,"pivot":{"x":0.9099999666213989,"y":0.9300000667572022,"z":14.991641998291016},"rotation":{"x":0.409058153629303,"y":0.524566113948822,"z":-0.3212181329727173,"w":0.6742609143257141},"size":1.5010952949523926,"orthographic":false}