{"cameraMode":{"drawMode":0,"name":"Shaded","section":"Shading Mode"},"sceneLighting":false,"audioPlay":false,"sceneViewState":{"showFog":true,"showMaterialUpdate":false,"showSkybox":true,"showFlares":true,"showImageEffects":true,"showParticleSystems":true},"in2DMode":false,"pivot":{"x":2.765836238861084,"y":-0.5733057856559753,"z":0.6970009803771973},"rotation":{"x":0.025462036952376367,"y":0.05245983600616455,"z":-0.0013387820217758418,"w":0.9983003735542297},"size":2.398733615875244,"orthographic":false}