{"cameraMode":{"drawMode":0,"name":"Shaded","section":"Shading Mode"},"sceneLighting":false,"audioPlay":false,"sceneViewState":{"showFog":true,"showMaterialUpdate":false,"showSkybox":false,"showFlares":true,"showImageEffects":true,"showParticleSystems":true},"in2DMode":false,"pivot":{"x":647.75,"y":261.75201416015627,"z":-0.985960841178894},"rotation":{"x":-0.38856983184814455,"y":-0.6050427556037903,"z":0.5438781976699829,"w":-0.4328114092350006},"size":1.2247768640518189,"orthographic":false}