{"cameraMode":{"drawMode":0,"name":"Shaded","section":"Shading Mode"},"sceneLighting":false,"audioPlay":false,"sceneViewState":{"showFog":true,"showMaterialUpdate":false,"showSkybox":false,"showFlares":true,"showImageEffects":true,"showParticleSystems":true},"in2DMode":false,"pivot":{"x":645.8753662109375,"y":262.900634765625,"z":1.737274169921875},"rotation":{"x":0.23084402084350587,"y":-0.754644513130188,"z":0.5185332298278809,"w":0.3304542601108551},"size":2.080866813659668,"orthographic":true}