{"cameraMode":{"drawMode":0,"name":"Shaded","section":"Shading Mode"},"sceneLighting":false,"audioPlay":false,"sceneViewState":{"showFog":true,"showMaterialUpdate":false,"showSkybox":true,"showFlares":true,"showImageEffects":true,"showParticleSystems":true},"in2DMode":false,"pivot":{"x":0.3700000047683716,"y":0.9800000190734863,"z":16.5},"rotation":{"x":0.6560219526290894,"y":-0.0030640980694442989,"z":0.006149941589683294,"w":0.7552950978279114},"size":3.8186261653900148,"orthographic":true}