{"cameraMode":{"drawMode":0,"name":"Shaded","section":"Shading Mode"},"sceneLighting":false,"audioPlay":false,"sceneViewState":{"showFog":true,"showMaterialUpdate":false,"showSkybox":true,"showFlares":true,"showImageEffects":true,"showParticleSystems":true},"in2DMode":false,"pivot":{"x":646.4673461914063,"y":261.446533203125,"z":-1.4073735475540162},"rotation":{"x":-0.05895174667239189,"y":0.9298095703125,"z":-0.17092497646808625,"w":-0.32066503167152407},"size":1.7660253047943116,"orthographic":false}