{"cameraMode":{"drawMode":0,"name":"Shaded","section":"Shading Mode"},"sceneLighting":false,"audioPlay":false,"sceneViewState":{"showFog":true,"showMaterialUpdate":false,"showSkybox":false,"showFlares":true,"showImageEffects":true,"showParticleSystems":true},"in2DMode":false,"pivot":{"x":646.4183349609375,"y":261.7135009765625,"z":2.5269999504089357},"rotation":{"x":0.1542131006717682,"y":-0.8002397418022156,"z":0.5308704972267151,"w":0.23524607717990876},"size":0.9866026043891907,"orthographic":false}