{"cameraMode":{"drawMode":0,"name":"Shaded","section":"Shading Mode"},"sceneLighting":false,"audioPlay":false,"sceneViewState":{"showFog":true,"showMaterialUpdate":false,"showSkybox":false,"showFlares":true,"showImageEffects":true,"showParticleSystems":true},"in2DMode":false,"pivot":{"x":646.8860473632813,"y":262.1921081542969,"z":-0.24543166160583497},"rotation":{"x":0.223807230591774,"y":-0.6501076221466065,"z":0.20925194025039674,"w":0.6953321099281311},"size":1.1229543685913087,"orthographic":false}